{
  "AMPX": 18.825000762939453,
  "SIVE.ST": 89.4000015258789
}