{
  "AMPX": 19.690000534057617,
  "SIVE.ST": 78.80000305175781
}