{
  "AMPX": 18.829999923706055,
  "SIVE.ST": 89.4000015258789
}