{
  "AMPX": 19.270000457763672,
  "SIVE.ST": 89.4000015258789
}