{
  "AMPX": 19.690000534057617,
  "SIVE.ST": 88.4000015258789
}