{
  "AMPX": 16.850000381469727,
  "SIVE.ST": 74.80000305175781
}